,Product Code,Price,Category,Image,Product Name,,Vendor
MONT BLANC ,ZED1107,4200,,mont_blanc_-simply-2205231.jpg,MONT BLANC -simply-2205231,mont blanc -simply-2205231,Simply Shopping
Police Brand Watches,ZED1108,2650,,police_brand_watches-simply-2205232.jpg,Police Brand Watches-simply-2205232,police brand watches-simply-2205232,Simply Shopping
Police Brand Watches,ZED1109,2650,,police_brand_watches-simply-2205233.jpg,Police Brand Watches-simply-2205233,police brand watches-simply-2205233,Simply Shopping
Police Brand Watches,ZED1110,2650,,police_brand_watches-simply-2205234.jpg,Police Brand Watches-simply-2205234,police brand watches-simply-2205234,Simply Shopping
7 pcs combo Bag,ZED1111,3500,,7_pcs_combo_bag-simply-2205235.jpg,7 pcs combo Bag-simply-2205235,7 pcs combo bag-simply-2205235,Simply Shopping
7 pcs combo Bag,ZED1112,3500,,7_pcs_combo_bag-simply-2205236.jpg,7 pcs combo Bag-simply-2205236,7 pcs combo bag-simply-2205236,Simply Shopping
7 pcs combo Bag,ZED1113,3500,,7_pcs_combo_bag-simply-2205237.jpg,7 pcs combo Bag-simply-2205237,7 pcs combo bag-simply-2205237,Simply Shopping
LV ladies Bags,ZED1114,2650,,lv_ladies_bags-simply-2205238.jpg,LV ladies Bags-simply-2205238,lv ladies bags-simply-2205238,Simply Shopping
LV ladies Bags,ZED1115,2650,,lv_ladies_bags-simply-2205239.jpg,LV ladies Bags-simply-2205239,lv ladies bags-simply-2205239,Simply Shopping
Perfumes,ZED1116,5250,,perfumes-simply-22052310.jpg,Perfumes-simply-22052310,perfumes-simply-22052310,Simply Shopping
Perfumes,ZED1117,5250,,perfumes-simply-22052311.jpg,Perfumes-simply-22052311,perfumes-simply-22052311,Simply Shopping
Perfumes,ZED1118,5250,,perfumes-simply-22052312.jpg,Perfumes-simply-22052312,perfumes-simply-22052312,Simply Shopping
Perfumes,ZED1119,5250,,perfumes-simply-22052313.jpg,Perfumes-simply-22052313,perfumes-simply-22052313,Simply Shopping
LV ladies Bags,ZED1120,2650,,lv_ladies_bags-simply-22052314.jpg,LV ladies Bags-simply-22052314,lv ladies bags-simply-22052314,Simply Shopping
LV ladies Bags,ZED1121,2650,,lv_ladies_bags-simply-22052315.jpg,LV ladies Bags-simply-22052315,lv ladies bags-simply-22052315,Simply Shopping
LV ladies Bags,ZED1122,2650,,lv_ladies_bags-simply-22052316.jpg,LV ladies Bags-simply-22052316,lv ladies bags-simply-22052316,Simply Shopping
LV ladies Bags,ZED1123,2650,,lv_ladies_bags-simply-22052317.jpg,LV ladies Bags-simply-22052317,lv ladies bags-simply-22052317,Simply Shopping
Men's Special Gift Combo,ZED1124,3800,,men's_special_gift_combo-simply-22052318.jpg,Men's Special Gift Combo-simply-22052318,men's special gift combo-simply-22052318,Simply Shopping
Men's Special Gift Combo,ZED1125,3800,,men's_special_gift_combo-simply-22052319.jpg,Men's Special Gift Combo-simply-22052319,men's special gift combo-simply-22052319,Simply Shopping
Special gift packages,ZED1126,3700,,special_gift_packages-simply-22052320.jpg,Special gift packages-simply-22052320,special gift packages-simply-22052320,Simply Shopping
Special gift packages,ZED1127,3700,,special_gift_packages-simply-22052321.jpg,Special gift packages-simply-22052321,special gift packages-simply-22052321,Simply Shopping
Brand Watches,ZED1128,2750,,brand_watches-simply-22052322.jpg,Brand Watches-simply-22052322,brand watches-simply-22052322,Simply Shopping
Brand Watches,ZED1129,2750,,brand_watches-simply-22052323.jpg,Brand Watches-simply-22052323,brand watches-simply-22052323,Simply Shopping
Brand Watches,ZED1130,2750,,brand_watches-simply-22052324.jpg,Brand Watches-simply-22052324,brand watches-simply-22052324,Simply Shopping
Brand Watches,ZED1131,2750,,brand_watches-simply-22052325.jpg,Brand Watches-simply-22052325,brand watches-simply-22052325,Simply Shopping
Baccarat Rouge 540,ZED1132,5250,,baccarat_rouge_540-simply-22052326.jpg,Baccarat Rouge 540-simply-22052326,baccarat rouge 540-simply-22052326,Simply Shopping
